Timestamp,Puissance Active (W)
"25/08/2025 13:36:37",40.84
"25/08/2025 13:36:39",40.37
"25/08/2025 13:36:40",41.35
"25/08/2025 13:36:42",40.46
"25/08/2025 13:36:44",40.80
"25/08/2025 13:36:46",40.56
"25/08/2025 13:36:49",41.06
"25/08/2025 13:36:50",40.57
"25/08/2025 13:36:53",41.00
"25/08/2025 13:36:54",40.47
"25/08/2025 13:36:57",40.63
"25/08/2025 13:36:58",40.96
"25/08/2025 13:37:00",41.51
"25/08/2025 13:37:02",41.26
"25/08/2025 13:37:04",41.21
"25/08/2025 13:37:06",41.19
"25/08/2025 13:37:08",41.29
"25/08/2025 13:37:10",41.55
"25/08/2025 13:37:12",40.95
"25/08/2025 13:37:14",41.30
"25/08/2025 13:37:16",41.21
"25/08/2025 13:37:18",40.83
"25/08/2025 13:37:20",40.80
"25/08/2025 13:37:21",40.87
"25/08/2025 13:37:23",40.74
"25/08/2025 13:37:25",40.89
"25/08/2025 13:37:27",40.67
"25/08/2025 13:37:29",41.40
"25/08/2025 13:37:31",40.65
"25/08/2025 13:37:33",40.46
"25/08/2025 13:37:35",40.37
"25/08/2025 13:37:37",40.46
"25/08/2025 13:37:39",40.59
"25/08/2025 13:37:41",40.33
"25/08/2025 13:37:43",40.54
"25/08/2025 13:37:45",40.47
"25/08/2025 13:37:47",40.35
"25/08/2025 13:37:48",40.18
"25/08/2025 13:37:50",40.45
"25/08/2025 13:37:53",40.38
"25/08/2025 13:37:55",40.45
"25/08/2025 13:37:57",40.90
"25/08/2025 13:37:59",40.62
"25/08/2025 13:38:01",40.26
"25/08/2025 13:38:03",40.35
"25/08/2025 13:38:05",40.53
"25/08/2025 13:38:07",40.62
"25/08/2025 13:38:09",40.19
"25/08/2025 13:38:11",40.25
"25/08/2025 13:38:13",40.18
"25/08/2025 13:38:15",40.24
"25/08/2025 13:38:16",40.47
"25/08/2025 13:38:18",40.35
"25/08/2025 13:38:20",40.18
"25/08/2025 13:38:21",40.13
"25/08/2025 13:38:23",40.26
"25/08/2025 13:38:25",40.46
"25/08/2025 13:38:27",40.54
"25/08/2025 13:38:28",40.39
"25/08/2025 13:38:30",40.31
"25/08/2025 13:38:32",40.25
"25/08/2025 13:38:33",40.19
"25/08/2025 13:38:35",40.37
"25/08/2025 13:38:36",40.19
"25/08/2025 13:38:38",40.24
"25/08/2025 13:38:40",40.65
"25/08/2025 13:38:42",40.45
"25/08/2025 13:38:43",40.16
"25/08/2025 13:38:45",40.31
"25/08/2025 13:38:46",40.29
"25/08/2025 13:38:48",40.16
"25/08/2025 13:38:49",40.31
"25/08/2025 13:38:51",40.36
"25/08/2025 13:38:52",40.19
"25/08/2025 13:38:54",40.50
"25/08/2025 13:38:56",40.59
"25/08/2025 13:38:57",40.39
"25/08/2025 13:38:58",40.52
"25/08/2025 13:38:59",40.53
"25/08/2025 13:39:00",40.43
"25/08/2025 13:39:02",40.49
"25/08/2025 13:39:03",40.62
"25/08/2025 13:39:04",40.53
"25/08/2025 13:39:06",40.52
"25/08/2025 13:39:07",40.47
"25/08/2025 13:39:08",40.51
"25/08/2025 13:39:09",40.37
"25/08/2025 13:39:11",40.32
"25/08/2025 13:39:12",40.59
"25/08/2025 13:39:13",40.17
"25/08/2025 13:39:15",40.56
"25/08/2025 13:39:16",40.33
"25/08/2025 13:39:17",40.80
"25/08/2025 13:39:19",40.41
"25/08/2025 13:39:20",40.43
"25/08/2025 13:39:21",40.18
"25/08/2025 13:39:23",40.47
"25/08/2025 13:39:24",40.22
"25/08/2025 13:39:26",40.35
"25/08/2025 13:39:27",40.21
"25/08/2025 13:39:28",40.22
"25/08/2025 13:39:29",40.30
"25/08/2025 13:39:30",40.43
"25/08/2025 13:39:32",40.69
"25/08/2025 13:39:33",40.46
"25/08/2025 13:39:34",40.36
"25/08/2025 13:39:36",40.47
"25/08/2025 13:39:37",40.28
"25/08/2025 13:39:39",40.27
"25/08/2025 13:39:40",40.47
"25/08/2025 13:39:41",40.40
"25/08/2025 13:39:42",40.36
"25/08/2025 13:39:43",40.37
"25/08/2025 13:39:44",40.37
"25/08/2025 13:39:46",40.57
"25/08/2025 13:39:47",40.25
"25/08/2025 13:39:48",40.36
"25/08/2025 13:39:50",40.53
"25/08/2025 13:39:51",40.52
"25/08/2025 13:39:53",40.53
"25/08/2025 13:39:54",40.42
"25/08/2025 13:39:56",40.38
"25/08/2025 13:39:57",40.34
"25/08/2025 13:39:58",40.42
"25/08/2025 13:40:00",40.49
"25/08/2025 13:40:01",40.32
"25/08/2025 13:40:02",40.39
"25/08/2025 13:40:03",40.60
"25/08/2025 13:40:04",40.31
"25/08/2025 13:40:06",40.52
"25/08/2025 13:40:07",40.34
"25/08/2025 13:40:08",40.21
"25/08/2025 13:40:10",40.40
"25/08/2025 13:40:11",40.47
"25/08/2025 13:40:12",40.25
"25/08/2025 13:40:13",40.40
"25/08/2025 13:40:15",40.39
"25/08/2025 13:40:16",40.48
"25/08/2025 13:40:18",40.32
"25/08/2025 13:40:19",40.68
"25/08/2025 13:40:20",40.35
"25/08/2025 13:40:21",40.26
"25/08/2025 13:40:23",40.32
"25/08/2025 13:40:24",40.47
"25/08/2025 13:40:25",40.21
"25/08/2025 13:40:26",40.30
"25/08/2025 13:40:28",40.16
"25/08/2025 13:40:29",40.36
"25/08/2025 13:40:30",40.19
"25/08/2025 13:40:31",40.45
"25/08/2025 13:40:32",40.46
"25/08/2025 13:40:33",40.17
"25/08/2025 13:40:34",40.22
"25/08/2025 13:40:35",40.22
"25/08/2025 13:40:36",40.27
"25/08/2025 13:40:37",40.55
"25/08/2025 13:40:38",40.50
"25/08/2025 13:40:40",40.42
"25/08/2025 13:40:41",40.31
"25/08/2025 13:40:42",40.23
"25/08/2025 13:40:43",40.62
"25/08/2025 13:40:45",40.33
"25/08/2025 13:40:46",40.43
"25/08/2025 13:40:47",40.16
"25/08/2025 13:40:48",40.73
"25/08/2025 13:40:49",40.30
"25/08/2025 13:40:50",40.44
"25/08/2025 13:40:52",40.39
"25/08/2025 13:40:53",40.19
"25/08/2025 13:40:54",40.35
"25/08/2025 13:40:56",40.37
"25/08/2025 13:40:57",40.59
"25/08/2025 13:40:58",40.24
"25/08/2025 13:40:59",40.48
"25/08/2025 13:41:01",40.52
"25/08/2025 13:41:02",40.35
"25/08/2025 13:41:03",40.45
"25/08/2025 13:41:04",40.53
"25/08/2025 13:41:05",40.54
"25/08/2025 13:41:07",40.40
"25/08/2025 13:41:08",40.36
"25/08/2025 13:41:09",40.35
"25/08/2025 13:41:11",40.22
"25/08/2025 13:41:12",40.41
"25/08/2025 13:41:13",40.42
"25/08/2025 13:41:14",40.36
"25/08/2025 13:41:15",40.58
"25/08/2025 13:41:16",40.54
"25/08/2025 13:41:17",40.56
"25/08/2025 13:41:19",40.22
"25/08/2025 13:41:20",40.50
"25/08/2025 13:41:21",40.91
"25/08/2025 13:41:23",40.37
"25/08/2025 13:41:24",40.43
"25/08/2025 13:41:25",40.35
"25/08/2025 13:41:26",40.48
"25/08/2025 13:41:28",40.49
"25/08/2025 13:41:29",40.52
"25/08/2025 13:41:30",40.56
"25/08/2025 13:41:31",40.42
"25/08/2025 13:41:32",40.71
"25/08/2025 13:41:34",40.53
"25/08/2025 13:41:35",40.48
"25/08/2025 13:41:36",40.40
"25/08/2025 13:41:38",40.58
"25/08/2025 13:41:39",40.58
"25/08/2025 13:41:41",40.53
"25/08/2025 13:41:42",40.28
"25/08/2025 13:41:43",40.45
"25/08/2025 13:41:44",40.52
"25/08/2025 13:41:45",40.35
"25/08/2025 13:41:47",40.40
"25/08/2025 13:41:48",40.17
"25/08/2025 13:41:49",40.41
"25/08/2025 13:41:50",40.31
"25/08/2025 13:41:51",40.30
"25/08/2025 13:41:52",40.36
"25/08/2025 13:41:54",40.14
"25/08/2025 13:41:55",40.56
"25/08/2025 13:41:57",40.18
"25/08/2025 13:41:58",40.50
"25/08/2025 13:42:00",40.59
"25/08/2025 13:42:01",40.39
"25/08/2025 13:42:02",40.17
"25/08/2025 13:42:04",40.25
"25/08/2025 13:42:05",40.33
"25/08/2025 13:42:06",40.22
"25/08/2025 13:42:07",40.42
"25/08/2025 13:42:08",40.39
"25/08/2025 13:42:09",40.31
"25/08/2025 13:42:11",40.44
"25/08/2025 13:42:12",40.39
"25/08/2025 13:42:13",40.29
"25/08/2025 13:42:15",40.64
"25/08/2025 13:42:16",40.65
"25/08/2025 13:42:18",40.49
"25/08/2025 13:42:19",40.50
"25/08/2025 13:42:20",40.49
"25/08/2025 13:42:22",40.44
"25/08/2025 13:42:23",40.46
"25/08/2025 13:42:25",40.37
"25/08/2025 13:42:26",40.30
"25/08/2025 13:42:27",40.32
"25/08/2025 13:42:29",40.42
"25/08/2025 13:42:30",40.53
"25/08/2025 13:42:31",40.40
"25/08/2025 13:42:32",40.46
"25/08/2025 13:42:33",40.55
"25/08/2025 13:42:34",40.48
"25/08/2025 13:42:36",40.66
"25/08/2025 13:42:37",40.45
"25/08/2025 13:42:38",40.44
"25/08/2025 13:42:40",40.49
"25/08/2025 13:42:41",40.39
"25/08/2025 13:42:42",40.43
"25/08/2025 13:42:43",40.44
"25/08/2025 13:42:44",40.43
"25/08/2025 13:42:45",40.40
"25/08/2025 13:42:47",40.47
"25/08/2025 13:42:48",40.34
"25/08/2025 13:42:49",40.24
"25/08/2025 13:42:51",40.34
"25/08/2025 13:42:52",40.44
"25/08/2025 13:42:53",40.20
"25/08/2025 13:42:55",40.34
"25/08/2025 13:42:56",40.02
"25/08/2025 13:42:58",40.13
"25/08/2025 13:42:59",40.36
"25/08/2025 13:43:00",40.32
"25/08/2025 13:43:01",40.40
"25/08/2025 13:43:02",40.67
"25/08/2025 13:43:04",40.42
"25/08/2025 13:43:06",40.57
"25/08/2025 13:43:07",40.44
"25/08/2025 13:43:08",40.30
"25/08/2025 13:43:09",40.56
"25/08/2025 13:43:11",40.35
"25/08/2025 13:43:12",40.39
"25/08/2025 13:43:13",40.30
"25/08/2025 13:43:14",40.38
"25/08/2025 13:43:16",40.26
"25/08/2025 13:43:17",40.47
"25/08/2025 13:43:18",40.22
"25/08/2025 13:43:19",40.38
"25/08/2025 13:43:21",40.38
"25/08/2025 13:43:22",40.34
"25/08/2025 13:43:23",40.12
"25/08/2025 13:43:25",40.24
"25/08/2025 13:43:26",40.41
"25/08/2025 13:43:28",40.25
"25/08/2025 13:43:29",40.28
"25/08/2025 13:43:30",40.58
"25/08/2025 13:43:31",40.25
"25/08/2025 13:43:32",40.34
"25/08/2025 13:43:34",40.36
"25/08/2025 13:43:35",40.39
"25/08/2025 13:43:36",40.24
"25/08/2025 13:43:37",40.42
"25/08/2025 13:43:39",40.44
"25/08/2025 13:43:40",40.23
"25/08/2025 13:43:41",40.27
"25/08/2025 13:43:43",40.35
"25/08/2025 13:43:44",40.31
"25/08/2025 13:43:45",40.12
"25/08/2025 13:43:46",40.45
"25/08/2025 13:43:48",40.16
"25/08/2025 13:43:49",40.53
"25/08/2025 13:43:51",40.47
"25/08/2025 13:43:52",40.21
"25/08/2025 13:43:53",40.46
"25/08/2025 13:43:55",40.59
"25/08/2025 13:43:56",40.41
"25/08/2025 13:43:57",40.46
"25/08/2025 13:43:58",40.43
"25/08/2025 13:43:59",40.26
"25/08/2025 13:44:01",40.33
"25/08/2025 13:44:02",40.36
"25/08/2025 13:44:03",40.31
"25/08/2025 13:44:05",40.39
"25/08/2025 13:44:06",40.26
"25/08/2025 13:44:07",40.36
"25/08/2025 13:44:08",40.35
"25/08/2025 13:44:10",40.46
"25/08/2025 13:44:11",40.42
"25/08/2025 13:44:12",40.33
"25/08/2025 13:44:13",40.60
"25/08/2025 13:44:15",40.32
"25/08/2025 13:44:16",40.51
"25/08/2025 13:44:17",40.43
"25/08/2025 13:44:18",40.47
"25/08/2025 13:44:19",40.65
"25/08/2025 13:44:20",40.36
"25/08/2025 13:44:22",40.65
"25/08/2025 13:44:23",40.26
"25/08/2025 13:44:25",40.37
"25/08/2025 13:44:26",40.68
"25/08/2025 13:44:27",40.29
"25/08/2025 13:44:29",40.51
"25/08/2025 13:44:30",40.50
"25/08/2025 13:44:32",40.44
"25/08/2025 13:44:33",40.29
"25/08/2025 13:44:34",40.82
"25/08/2025 13:44:36",40.34
"25/08/2025 13:44:37",40.24
"25/08/2025 13:44:39",40.36
"25/08/2025 13:44:40",40.16
"25/08/2025 13:44:42",40.18
"25/08/2025 13:44:43",40.67
"25/08/2025 13:44:44",40.27
"25/08/2025 13:44:45",40.19
"25/08/2025 13:44:47",40.30
"25/08/2025 13:44:48",40.59
"25/08/2025 13:44:49",40.24
"25/08/2025 13:44:50",40.44
"25/08/2025 13:44:51",40.46
"25/08/2025 13:44:53",40.46
"25/08/2025 13:44:54",40.47
"25/08/2025 13:44:55",40.48
"25/08/2025 13:44:57",40.67
"25/08/2025 13:44:58",40.28
"25/08/2025 13:44:59",40.44
"25/08/2025 13:45:01",40.41
"25/08/2025 13:45:02",40.30
"25/08/2025 13:45:03",40.21
"25/08/2025 13:45:04",40.27
"25/08/2025 13:45:06",40.37
"25/08/2025 13:45:08",40.51
"25/08/2025 13:45:09",40.45
"25/08/2025 13:45:11",40.26
"25/08/2025 13:45:12",40.59
"25/08/2025 13:45:13",40.32
"25/08/2025 13:45:15",40.29
"25/08/2025 13:45:16",40.29
"25/08/2025 13:45:18",40.41
"25/08/2025 13:45:19",40.41
"25/08/2025 13:45:20",40.20
"25/08/2025 13:45:22",40.53
"25/08/2025 13:45:23",40.47
"25/08/2025 13:45:25",40.43
"25/08/2025 13:45:26",40.44
"25/08/2025 13:45:27",40.14
"25/08/2025 13:45:28",40.38
"25/08/2025 13:45:30",40.55
"25/08/2025 13:45:31",40.35
"25/08/2025 13:45:33",40.40
"25/08/2025 13:45:34",40.63
"25/08/2025 13:45:35",40.62
"25/08/2025 13:45:36",40.47
"25/08/2025 13:45:37",40.52
"25/08/2025 13:45:38",40.46
"25/08/2025 13:45:39",40.34
"25/08/2025 13:45:41",40.31
"25/08/2025 13:45:42",40.38
"25/08/2025 13:45:43",40.30
"25/08/2025 13:45:45",40.30
"25/08/2025 13:45:46",40.19
"25/08/2025 13:45:47",40.23
"25/08/2025 13:45:49",40.19
"25/08/2025 13:45:50",40.40
"25/08/2025 13:45:51",40.65
"25/08/2025 13:45:53",40.53
"25/08/2025 13:45:54",40.60
"25/08/2025 13:45:55",40.57
"25/08/2025 13:45:56",40.52
"25/08/2025 13:45:57",40.52
"25/08/2025 13:45:59",40.39
"25/08/2025 13:46:00",40.18
"25/08/2025 13:46:01",40.36
"25/08/2025 13:46:02",40.32
"25/08/2025 13:46:04",40.21
"25/08/2025 13:46:05",40.31
"25/08/2025 13:46:06",40.42
"25/08/2025 13:46:08",40.27
"25/08/2025 13:46:09",40.49
"25/08/2025 13:46:10",40.16
"25/08/2025 13:46:12",40.24
"25/08/2025 13:46:13",40.28
"25/08/2025 13:46:15",40.49
"25/08/2025 13:46:16",40.19
"25/08/2025 13:46:17",40.08
"25/08/2025 13:46:19",40.44
"25/08/2025 13:46:20",40.41
"25/08/2025 13:46:21",40.26
"25/08/2025 13:46:23",40.36
"25/08/2025 13:46:24",40.65
"25/08/2025 13:46:26",40.23
"25/08/2025 13:46:27",40.26
"25/08/2025 13:46:28",40.24
"25/08/2025 13:46:30",40.36
"25/08/2025 13:46:31",40.49
"25/08/2025 13:46:32",40.23
"25/08/2025 13:46:34",40.41
"25/08/2025 13:46:35",40.34
"25/08/2025 13:46:37",40.32
"25/08/2025 13:46:39",40.53
"25/08/2025 13:46:40",40.45
"25/08/2025 13:46:42",40.39
"25/08/2025 13:46:43",40.40
"25/08/2025 13:46:44",40.40
"25/08/2025 13:46:46",40.18
"25/08/2025 13:46:47",40.27
"25/08/2025 13:46:48",40.37
"25/08/2025 13:46:49",40.38
"25/08/2025 13:46:51",40.23
"25/08/2025 13:46:52",40.69
"25/08/2025 13:46:54",40.38
"25/08/2025 13:46:55",40.23
"25/08/2025 13:46:56",40.25
"25/08/2025 13:46:58",40.51
"25/08/2025 13:46:59",40.47
"25/08/2025 13:47:00",40.40
"25/08/2025 13:47:01",40.68
"25/08/2025 13:47:03",40.25
"25/08/2025 13:47:04",40.50
"25/08/2025 13:47:06",40.28
"25/08/2025 13:47:07",40.33
"25/08/2025 13:47:08",40.22
"25/08/2025 13:47:10",40.49
"25/08/2025 13:47:11",40.33
"25/08/2025 13:47:12",40.27
"25/08/2025 13:47:14",40.34
"25/08/2025 13:47:15",40.32
"25/08/2025 13:47:16",40.42
"25/08/2025 13:47:18",40.45
"25/08/2025 13:47:19",40.12
"25/08/2025 13:47:21",40.34
"25/08/2025 13:47:23",40.32
"25/08/2025 13:47:24",40.26
"25/08/2025 13:47:25",40.20
"25/08/2025 13:47:26",40.22
"25/08/2025 13:47:28",40.71
"25/08/2025 13:47:30",40.27
"25/08/2025 13:47:31",40.31
"25/08/2025 13:47:33",40.12
"25/08/2025 13:47:34",40.50
"25/08/2025 13:47:36",40.14
"25/08/2025 13:47:37",40.38
"25/08/2025 13:47:38",40.55
"25/08/2025 13:47:40",40.15
"25/08/2025 13:47:41",40.40
"25/08/2025 13:47:42",40.36
"25/08/2025 13:47:44",40.30
"25/08/2025 13:47:45",40.63
"25/08/2025 13:47:47",40.24
"25/08/2025 13:47:48",40.37
"25/08/2025 13:47:50",40.52
"25/08/2025 13:47:51",40.20
"25/08/2025 13:47:53",40.11
"25/08/2025 13:47:54",40.30
"25/08/2025 13:47:55",40.47
"25/08/2025 13:47:56",40.28
"25/08/2025 13:47:57",40.40
"25/08/2025 13:47:59",40.67
"25/08/2025 13:48:00",39.86
"25/08/2025 13:48:01",39.97
"25/08/2025 13:48:03",40.21
"25/08/2025 13:48:04",40.41
"25/08/2025 13:48:06",40.40
"25/08/2025 13:48:07",40.45
"25/08/2025 13:48:09",40.22
"25/08/2025 13:48:10",40.09
"25/08/2025 13:48:11",40.03
"25/08/2025 13:48:13",40.60
"25/08/2025 13:48:14",40.10
"25/08/2025 13:48:15",40.36
"25/08/2025 13:48:16",40.32
"25/08/2025 13:48:18",40.48
"25/08/2025 13:48:19",40.29
"25/08/2025 13:48:20",39.98
"25/08/2025 13:48:22",40.85
"25/08/2025 13:48:23",40.33
"25/08/2025 13:48:24",40.00
"25/08/2025 13:48:25",40.10
"25/08/2025 13:48:26",40.22
"25/08/2025 13:48:29",40.19
"25/08/2025 13:48:30",40.48
"25/08/2025 13:48:32",40.34
"25/08/2025 13:48:33",40.40
"25/08/2025 13:48:35",40.45
"25/08/2025 13:48:37",40.18
"25/08/2025 13:48:38",40.57
"25/08/2025 13:48:40",40.23
"25/08/2025 13:48:41",40.47
"25/08/2025 13:48:43",40.24
"25/08/2025 13:48:45",40.17
"25/08/2025 13:48:46",40.18
"25/08/2025 13:48:48",40.25
"25/08/2025 13:48:49",40.42
"25/08/2025 13:48:51",40.58
"25/08/2025 13:48:52",40.39
"25/08/2025 13:48:54",40.46
"25/08/2025 13:48:56",40.32
"25/08/2025 13:48:57",40.16
"25/08/2025 13:48:59",40.28
"25/08/2025 13:49:01",40.21
"25/08/2025 13:49:02",40.26
"25/08/2025 13:49:04",40.21
"25/08/2025 13:49:05",40.28
"25/08/2025 13:49:07",40.34
"25/08/2025 13:49:09",40.30
"25/08/2025 13:49:10",40.32
"25/08/2025 13:49:12",40.19
"25/08/2025 13:49:13",40.15
"25/08/2025 13:49:15",40.05
"25/08/2025 13:49:16",40.24
"25/08/2025 13:49:18",40.30
"25/08/2025 13:49:20",40.44
"25/08/2025 13:49:21",40.30
"25/08/2025 13:49:23",40.24
"25/08/2025 13:49:24",40.08
"25/08/2025 13:49:26",40.35
"25/08/2025 13:49:28",40.25
"25/08/2025 13:49:29",40.44
"25/08/2025 13:49:31",40.54
"25/08/2025 13:49:32",40.44
"25/08/2025 13:49:34",40.55
"25/08/2025 13:49:35",40.31
"25/08/2025 13:49:37",40.46
"25/08/2025 13:49:39",40.41
"25/08/2025 13:49:41",40.32
"25/08/2025 13:49:42",40.45
"25/08/2025 13:49:44",40.26
"25/08/2025 13:49:45",40.39
"25/08/2025 13:49:47",40.19
"25/08/2025 13:49:48",40.16
"25/08/2025 13:49:50",40.42
"25/08/2025 13:49:51",40.15
"25/08/2025 13:49:53",40.52
"25/08/2025 13:49:55",40.36
"25/08/2025 13:49:56",40.33
"25/08/2025 13:49:58",40.14
"25/08/2025 13:49:59",40.35
"25/08/2025 13:50:01",40.29
"25/08/2025 13:50:02",40.54
"25/08/2025 13:50:04",40.46
"25/08/2025 13:50:06",40.36
"25/08/2025 13:50:07",40.49
"25/08/2025 13:50:09",40.31
"25/08/2025 13:50:11",40.64
"25/08/2025 13:50:12",40.43
"25/08/2025 13:50:14",40.20
"25/08/2025 13:50:15",40.35
"25/08/2025 13:50:17",40.39
"25/08/2025 13:50:18",40.45
"25/08/2025 13:50:20",40.58
"25/08/2025 13:50:22",40.33
"25/08/2025 13:50:23",40.25
"25/08/2025 13:50:25",40.35
"25/08/2025 13:50:26",40.32
"25/08/2025 13:50:28",40.43
"25/08/2025 13:50:30",40.36
"25/08/2025 13:50:31",40.29
"25/08/2025 13:50:33",40.36
"25/08/2025 13:50:35",40.50
"25/08/2025 13:50:36",40.53
"25/08/2025 13:50:38",40.60
"25/08/2025 13:50:39",40.41
"25/08/2025 13:50:41",40.41
"25/08/2025 13:50:43",40.36
"25/08/2025 13:50:44",40.35
"25/08/2025 13:50:46",40.17
"25/08/2025 13:50:48",40.22
"25/08/2025 13:50:49",40.23
"25/08/2025 13:50:51",40.38
"25/08/2025 13:50:52",40.42
"25/08/2025 13:50:54",40.47
"25/08/2025 13:50:56",40.34
"25/08/2025 13:50:57",40.16
"25/08/2025 13:50:59",13.13
"25/08/2025 13:51:01",6.77
"25/08/2025 13:51:02",0.32
"25/08/2025 13:51:04",0.29
"25/08/2025 13:51:05",0.31
"25/08/2025 13:51:07",0.34
"25/08/2025 13:51:09",0.23
"25/08/2025 13:51:10",0.36
"25/08/2025 13:51:12",0.31
"25/08/2025 13:51:13",0.52
"25/08/2025 13:51:15",0.26
"25/08/2025 13:51:17",0.36
"25/08/2025 13:51:18",0.35
"25/08/2025 13:51:20",0.24
"25/08/2025 13:51:21",0.22
"25/08/2025 13:51:23",0.37
"25/08/2025 13:51:25",0.31
"25/08/2025 13:51:26",0.34
"25/08/2025 13:51:28",0.33
"25/08/2025 13:51:29",0.32
"25/08/2025 13:51:31",0.30
"25/08/2025 13:51:32",0.33
"25/08/2025 13:51:34",0.37
"25/08/2025 13:51:36",0.33
"25/08/2025 13:51:37",0.35
"25/08/2025 13:51:38",0.31
"25/08/2025 13:51:40",0.41
"25/08/2025 13:51:41",0.28
"25/08/2025 13:51:43",0.34
"25/08/2025 13:51:44",0.32
"25/08/2025 13:51:46",0.33
"25/08/2025 13:51:47",0.34
"25/08/2025 13:51:48",0.34
"25/08/2025 13:51:50",0.25
"25/08/2025 13:51:51",0.43
"25/08/2025 13:51:53",0.30
"25/08/2025 13:51:54",0.32
"25/08/2025 13:51:56",0.38
"25/08/2025 13:51:57",0.29
"25/08/2025 13:51:59",0.38
"25/08/2025 13:52:00",0.36
"25/08/2025 13:52:02",0.34
"25/08/2025 13:52:03",0.35
"25/08/2025 13:52:05",0.28
"25/08/2025 13:52:06",0.43
"25/08/2025 13:52:08",0.42
"25/08/2025 13:52:09",0.35
"25/08/2025 13:52:10",0.37
"25/08/2025 13:52:12",0.36
"25/08/2025 13:52:13",0.29
"25/08/2025 13:52:15",0.48
"25/08/2025 13:52:16",0.35
"25/08/2025 13:52:18",0.36
"25/08/2025 13:52:19",0.44
"25/08/2025 13:52:21",0.30
"25/08/2025 13:52:22",0.36
"25/08/2025 13:52:24",0.37
"25/08/2025 13:52:25",0.28
"25/08/2025 13:52:27",0.28
"25/08/2025 13:52:28",0.32
"25/08/2025 13:52:30",0.35
"25/08/2025 13:52:32",0.30
"25/08/2025 13:52:33",0.35
"25/08/2025 13:52:35",0.33
"25/08/2025 13:52:37",0.31
"25/08/2025 13:52:38",0.34
"25/08/2025 13:52:40",0.38
"25/08/2025 13:52:41",0.35
"25/08/2025 13:52:43",0.31
"25/08/2025 13:52:44",0.30
"25/08/2025 13:52:46",0.35
"25/08/2025 13:52:48",0.37
"25/08/2025 13:52:49",0.35
"25/08/2025 13:52:51",0.36
"25/08/2025 13:52:53",0.43
"25/08/2025 13:52:54",0.35
"25/08/2025 13:52:56",0.30
"25/08/2025 13:52:57",0.21
"25/08/2025 13:52:59",0.27
"25/08/2025 13:53:00",0.34
"25/08/2025 13:53:02",0.32
"25/08/2025 13:53:03",0.34
"25/08/2025 13:53:05",0.35
"25/08/2025 13:53:06",0.29
"25/08/2025 13:53:08",0.41
"25/08/2025 13:53:09",0.39
"25/08/2025 13:53:11",0.22
"25/08/2025 13:53:12",0.30
"25/08/2025 13:53:14",0.28
"25/08/2025 13:53:16",0.36
"25/08/2025 13:53:17",0.31
"25/08/2025 13:53:19",0.34
"25/08/2025 13:53:20",0.34
"25/08/2025 13:53:22",0.27
"25/08/2025 13:53:24",0.30
"25/08/2025 13:53:25",0.30
"25/08/2025 13:53:27",0.37
"25/08/2025 13:53:28",0.30
"25/08/2025 13:53:30",0.39
"25/08/2025 13:53:32",0.42
"25/08/2025 13:53:33",0.28
"25/08/2025 13:53:35",0.32
"25/08/2025 13:53:36",0.32
"25/08/2025 13:53:38",0.22
"25/08/2025 13:53:40",0.38
"25/08/2025 13:53:41",0.23
"25/08/2025 13:53:43",0.31
"25/08/2025 13:53:44",0.24
"25/08/2025 13:53:46",0.32
"25/08/2025 13:53:47",0.42
"25/08/2025 13:53:49",0.39
"25/08/2025 13:53:50",0.46
"25/08/2025 13:53:52",0.36
"25/08/2025 13:53:54",0.27
"25/08/2025 13:53:55",0.21
"25/08/2025 13:53:57",0.28
"25/08/2025 13:53:58",0.32
"25/08/2025 13:54:00",0.31
"25/08/2025 13:54:02",0.26
"25/08/2025 13:54:04",0.29
"25/08/2025 13:54:05",0.26
"25/08/2025 13:54:07",0.24
"25/08/2025 13:54:09",0.28
"25/08/2025 13:54:10",0.22
"25/08/2025 13:54:12",0.25
"25/08/2025 13:54:14",0.29
"25/08/2025 13:54:15",0.25
"25/08/2025 13:54:17",0.27
"25/08/2025 13:54:19",0.41
"25/08/2025 13:54:21",0.22
"25/08/2025 13:54:23",0.28
"25/08/2025 13:54:25",0.43
"25/08/2025 13:54:27",0.39
"25/08/2025 13:54:29",0.37
"25/08/2025 13:54:31",0.32
"25/08/2025 13:54:32",0.39
"25/08/2025 13:54:34",0.38
"25/08/2025 13:54:36",0.40
"25/08/2025 13:54:38",0.52
"25/08/2025 13:54:40",0.34
"25/08/2025 13:54:42",0.32
"25/08/2025 13:54:44",0.29
"25/08/2025 13:54:46",0.36
"25/08/2025 13:54:48",0.38
"25/08/2025 13:54:50",0.35
"25/08/2025 13:54:52",0.36
"25/08/2025 13:54:53",0.42
"25/08/2025 13:54:55",0.38
"25/08/2025 13:54:57",0.37
"25/08/2025 13:54:59",0.35
"25/08/2025 13:55:01",0.30
"25/08/2025 13:55:03",0.33
"25/08/2025 13:55:05",0.28
"25/08/2025 13:55:07",0.29
"25/08/2025 13:55:09",0.37
"25/08/2025 13:55:11",0.35
"25/08/2025 13:55:13",0.31
"25/08/2025 13:55:15",0.42
"25/08/2025 13:55:17",0.33
"25/08/2025 13:55:19",0.32
"25/08/2025 13:55:21",0.28
"25/08/2025 13:55:23",0.33
"25/08/2025 13:55:25",0.34
"25/08/2025 13:55:27",0.35
"25/08/2025 13:55:29",0.27
"25/08/2025 13:55:31",0.44
"25/08/2025 13:55:32",0.35
"25/08/2025 13:55:34",0.32
"25/08/2025 13:55:36",0.35
"25/08/2025 13:55:38",0.34
"25/08/2025 13:55:40",0.35
"25/08/2025 13:55:42",0.33
"25/08/2025 13:55:44",0.28
"25/08/2025 13:55:46",0.38
"25/08/2025 13:55:48",0.36
"25/08/2025 13:55:50",0.33
"25/08/2025 13:55:52",0.39
"25/08/2025 13:55:54",0.36
"25/08/2025 13:55:56",0.36
"25/08/2025 13:55:58",0.34
"25/08/2025 13:56:00",0.38
"25/08/2025 13:56:02",0.34
"25/08/2025 13:56:04",0.35
"25/08/2025 13:56:06",0.42
"25/08/2025 13:56:08",0.34
"25/08/2025 13:56:10",0.38
"25/08/2025 13:56:12",0.39
"25/08/2025 13:56:14",0.27
"25/08/2025 13:56:15",0.30
"25/08/2025 13:56:17",0.18
"25/08/2025 13:56:19",0.37
"25/08/2025 13:56:21",0.37
"25/08/2025 13:56:22",0.39
"25/08/2025 13:56:24",0.30
"25/08/2025 13:56:26",0.33
"25/08/2025 13:56:27",0.31
"25/08/2025 13:56:29",0.32
"25/08/2025 13:56:31",0.37
"25/08/2025 13:56:33",0.32
"25/08/2025 13:56:35",0.29
"25/08/2025 13:56:37",0.32
"25/08/2025 13:56:39",0.27
"25/08/2025 13:56:41",0.39
"25/08/2025 13:56:43",0.32
"25/08/2025 13:56:44",0.27
"25/08/2025 13:56:46",0.26
"25/08/2025 13:56:49",0.33
"25/08/2025 13:56:50",0.26
"25/08/2025 13:56:52",0.29
"25/08/2025 13:56:54",0.27
"25/08/2025 13:56:56",0.29
"25/08/2025 13:56:57",0.44
"25/08/2025 13:56:59",0.19
"25/08/2025 13:57:01",0.23
"25/08/2025 13:57:03",0.44
"25/08/2025 13:57:04",0.35
"25/08/2025 13:57:06",0.53
"25/08/2025 13:57:08",0.42
"25/08/2025 13:57:10",0.37
"25/08/2025 13:57:12",0.31
"25/08/2025 13:57:14",0.32
"25/08/2025 13:57:15",0.23
"25/08/2025 13:57:18",0.38
"25/08/2025 13:57:19",0.32
"25/08/2025 13:57:21",0.46
"25/08/2025 13:57:23",0.33
"25/08/2025 13:57:25",0.33
"25/08/2025 13:57:27",0.38
"25/08/2025 13:57:29",0.38
"25/08/2025 13:57:30",0.39
"25/08/2025 13:57:32",0.34
"25/08/2025 13:57:33",0.33
"25/08/2025 13:57:35",0.33
"25/08/2025 13:57:37",0.37
"25/08/2025 13:57:39",0.50
"25/08/2025 13:57:40",0.32
"25/08/2025 13:57:42",0.26
"25/08/2025 13:57:44",0.37
"25/08/2025 13:57:45",0.35
"25/08/2025 13:57:47",0.32
"25/08/2025 13:57:49",0.35
"25/08/2025 13:57:51",0.30
"25/08/2025 13:57:53",0.33
"25/08/2025 13:57:55",0.31
"25/08/2025 13:57:57",0.43
"25/08/2025 13:57:59",0.28
"25/08/2025 13:58:01",0.37
"25/08/2025 13:58:02",0.38
"25/08/2025 13:58:05",0.25
"25/08/2025 13:58:07",0.48
"25/08/2025 13:58:09",0.31
"25/08/2025 13:58:10",0.36
"25/08/2025 13:58:13",0.34
"25/08/2025 13:58:14",0.26
"25/08/2025 13:58:16",0.31
"25/08/2025 13:58:18",0.38
"25/08/2025 13:58:20",0.45
"25/08/2025 13:58:22",0.43
"25/08/2025 13:58:25",0.34
"25/08/2025 13:58:26",0.29
"25/08/2025 13:58:29",0.29
"25/08/2025 13:58:30",0.27
"25/08/2025 13:58:32",0.35
"25/08/2025 13:58:35",0.38
"25/08/2025 13:58:37",0.42
"25/08/2025 13:58:38",0.33
"25/08/2025 13:58:40",0.34
"25/08/2025 13:58:42",0.32
"25/08/2025 13:58:44",0.48
"25/08/2025 13:58:46",0.25
"25/08/2025 13:58:47",0.38
"25/08/2025 13:58:49",0.34
"25/08/2025 13:58:51",0.38
"25/08/2025 13:58:52",0.32
"25/08/2025 13:58:54",0.34
"25/08/2025 13:58:56",0.44
"25/08/2025 13:58:57",0.25
"25/08/2025 13:58:59",0.40
"25/08/2025 13:59:01",0.36
"25/08/2025 13:59:03",0.35
"25/08/2025 13:59:05",0.42
"25/08/2025 13:59:07",0.28
"25/08/2025 13:59:08",0.36
"25/08/2025 13:59:10",0.29
"25/08/2025 13:59:12",0.34
"25/08/2025 13:59:14",0.33
"25/08/2025 13:59:16",0.32
"25/08/2025 13:59:18",0.45
"25/08/2025 13:59:20",0.23
"25/08/2025 13:59:22",0.36
"25/08/2025 13:59:23",0.34
"25/08/2025 13:59:25",0.43
"25/08/2025 13:59:27",0.27
"25/08/2025 13:59:29",0.28
"25/08/2025 13:59:30",0.35
"25/08/2025 13:59:32",0.33
"25/08/2025 13:59:34",0.24
"25/08/2025 13:59:36",0.27
"25/08/2025 13:59:37",0.37
"25/08/2025 13:59:39",0.38
"25/08/2025 13:59:41",0.24
"25/08/2025 13:59:43",0.24
"25/08/2025 13:59:45",0.26
"25/08/2025 13:59:47",0.28
"25/08/2025 13:59:48",0.18
"25/08/2025 13:59:50",0.29
"25/08/2025 13:59:52",0.39
"25/08/2025 13:59:54",0.35
"25/08/2025 13:59:55",0.29
"25/08/2025 13:59:57",0.38
"25/08/2025 13:59:59",0.32
"25/08/2025 14:00:01",0.27
"25/08/2025 14:00:03",0.32
"25/08/2025 14:00:05",0.28
"25/08/2025 14:00:06",0.23
"25/08/2025 14:00:09",0.35
"25/08/2025 14:00:11",0.33
"25/08/2025 14:00:12",0.38
"25/08/2025 14:00:14",0.30
"25/08/2025 14:00:17",0.35
"25/08/2025 14:00:18",0.36
"25/08/2025 14:00:20",0.30
"25/08/2025 14:00:23",0.25
"25/08/2025 14:00:25",0.26
"25/08/2025 14:00:27",0.31
"25/08/2025 14:00:29",0.43
"25/08/2025 14:00:30",0.39
"25/08/2025 14:00:32",0.30
"25/08/2025 14:00:34",0.27
"25/08/2025 14:00:36",0.33
"25/08/2025 14:00:37",0.28
"25/08/2025 14:00:39",0.24
"25/08/2025 14:00:41",0.30
"25/08/2025 14:00:43",0.30
"25/08/2025 14:00:44",0.35
"25/08/2025 14:00:46",0.27
"25/08/2025 14:00:48",0.30
"25/08/2025 14:00:50",0.24
"25/08/2025 14:00:52",0.33
"25/08/2025 14:00:54",0.28
"25/08/2025 14:00:55",0.33
"25/08/2025 14:00:57",0.28
"25/08/2025 14:00:59",0.33
"25/08/2025 14:01:00",0.22
"25/08/2025 14:01:02",0.24
"25/08/2025 14:01:04",0.37
"25/08/2025 14:01:06",0.39
"25/08/2025 14:01:08",0.27
"25/08/2025 14:01:09",0.23
"25/08/2025 14:01:11",0.32
"25/08/2025 14:01:13",0.27
"25/08/2025 14:01:15",0.33
"25/08/2025 14:01:17",0.40
"25/08/2025 14:01:19",0.27
"25/08/2025 14:01:21",0.33
"25/08/2025 14:01:23",0.29
"25/08/2025 14:01:25",0.37
"25/08/2025 14:01:27",0.43
"25/08/2025 14:01:28",0.41
"25/08/2025 14:01:30",0.33
"25/08/2025 14:01:32",0.33
"25/08/2025 14:01:33",0.31
"25/08/2025 14:01:35",0.28
"25/08/2025 14:01:37",0.30
"25/08/2025 14:01:38",0.32
"25/08/2025 14:01:40",0.35
"25/08/2025 14:01:42",0.25
"25/08/2025 14:01:43",0.47
"25/08/2025 14:01:45",0.27
"25/08/2025 14:01:46",0.26
"25/08/2025 14:01:48",0.38
"25/08/2025 14:01:50",0.38
"25/08/2025 14:01:51",0.31
"25/08/2025 14:01:53",0.39
"25/08/2025 14:01:55",0.35
"25/08/2025 14:01:56",0.35
"25/08/2025 14:01:58",0.27
"25/08/2025 14:02:00",0.35
"25/08/2025 14:02:01",0.33
"25/08/2025 14:02:03",0.37
"25/08/2025 14:02:05",0.45
"25/08/2025 14:02:07",0.40
"25/08/2025 14:02:09",0.40
"25/08/2025 14:02:11",0.33
"25/08/2025 14:02:12",0.39
"25/08/2025 14:02:14",0.33
"25/08/2025 14:02:16",0.25
"25/08/2025 14:02:18",0.33
"25/08/2025 14:02:20",0.27
"25/08/2025 14:02:22",0.41
"25/08/2025 14:02:24",0.37
"25/08/2025 14:02:26",0.52
"25/08/2025 14:02:27",0.37
"25/08/2025 14:02:29",0.38
"25/08/2025 14:02:31",0.32
"25/08/2025 14:02:32",0.39
"25/08/2025 14:02:34",0.29
"25/08/2025 14:02:36",0.30
"25/08/2025 14:02:38",0.29
"25/08/2025 14:02:40",0.26
"25/08/2025 14:02:42",0.28
"25/08/2025 14:02:43",0.29
"25/08/2025 14:02:45",0.42
"25/08/2025 14:02:47",0.28
"25/08/2025 14:02:48",0.28
"25/08/2025 14:02:50",0.30
"25/08/2025 14:02:52",0.39
"25/08/2025 14:02:53",0.31
"25/08/2025 14:02:55",0.28
"25/08/2025 14:02:57",0.29
"25/08/2025 14:02:59",0.30
"25/08/2025 14:03:01",0.45
"25/08/2025 14:03:03",0.27
"25/08/2025 14:03:05",0.43
"25/08/2025 14:03:06",0.37
"25/08/2025 14:03:08",0.27
"25/08/2025 14:03:10",0.23
"25/08/2025 14:03:12",0.31
"25/08/2025 14:03:14",0.31
"25/08/2025 14:03:16",0.39
"25/08/2025 14:03:18",0.30
"25/08/2025 14:03:20",0.32
"25/08/2025 14:03:21",0.36
"25/08/2025 14:03:23",0.39
"25/08/2025 14:03:24",0.34
"25/08/2025 14:03:26",0.25
"25/08/2025 14:03:28",0.39
"25/08/2025 14:03:30",0.33
"25/08/2025 14:03:32",0.32
"25/08/2025 14:03:34",0.34
"25/08/2025 14:03:36",0.32
"25/08/2025 14:03:38",0.33
"25/08/2025 14:03:40",0.38
"25/08/2025 14:03:42",0.33
"25/08/2025 14:03:44",0.29
"25/08/2025 14:03:46",0.39
"25/08/2025 14:03:48",0.21
"25/08/2025 14:03:50",0.28
"25/08/2025 14:03:52",0.34
"25/08/2025 14:03:54",0.34
"25/08/2025 14:03:56",0.31
"25/08/2025 14:03:57",0.33
"25/08/2025 14:04:00",0.35
"25/08/2025 14:04:02",0.34
"25/08/2025 14:04:04",0.34
"25/08/2025 14:04:06",0.36
"25/08/2025 14:04:07",0.33
"25/08/2025 14:04:09",0.30
"25/08/2025 14:04:11",0.32
"25/08/2025 14:04:13",0.34
"25/08/2025 14:04:15",0.30
"25/08/2025 14:04:17",0.32
"25/08/2025 14:04:19",0.33
"25/08/2025 14:04:21",0.32
"25/08/2025 14:04:23",0.38
"25/08/2025 14:04:25",0.25
"25/08/2025 14:04:27",0.24
"25/08/2025 14:04:29",0.45
"25/08/2025 14:04:30",0.32
"25/08/2025 14:04:33",0.29
"25/08/2025 14:04:34",0.25
"25/08/2025 14:04:36",0.27
"25/08/2025 14:04:38",0.27
"25/08/2025 14:04:40",0.35
"25/08/2025 14:04:42",0.25
"25/08/2025 14:04:44",0.32
"25/08/2025 14:04:46",0.36
"25/08/2025 14:04:48",0.29
"25/08/2025 14:04:50",0.33
"25/08/2025 14:04:52",0.23
"25/08/2025 14:04:54",0.35
"25/08/2025 14:04:56",0.32
"25/08/2025 14:04:58",0.30
"25/08/2025 14:04:59",0.32
"25/08/2025 14:05:01",0.30
"25/08/2025 14:05:03",0.36
"25/08/2025 14:05:05",0.31
"25/08/2025 14:05:07",0.39
"25/08/2025 14:05:09",0.31
"25/08/2025 14:05:11",0.33
"25/08/2025 14:05:13",0.38
"25/08/2025 14:05:14",0.38
"25/08/2025 14:05:16",0.35
"25/08/2025 14:05:18",0.37
"25/08/2025 14:05:20",0.24
"25/08/2025 14:05:22",0.25
"25/08/2025 14:05:23",0.32
"25/08/2025 14:05:25",0.25
"25/08/2025 14:05:27",0.31
"25/08/2025 14:05:29",0.42
"25/08/2025 14:05:31",0.24
"25/08/2025 14:05:32",0.28
"25/08/2025 14:05:34",0.31
"25/08/2025 14:05:36",0.35
"25/08/2025 14:05:38",0.28
"25/08/2025 14:05:40",0.39
"25/08/2025 14:05:41",0.25
"25/08/2025 14:05:43",0.33
"25/08/2025 14:05:45",0.23
"25/08/2025 14:05:47",0.29
"25/08/2025 14:05:49",0.39
"25/08/2025 14:05:51",0.31
"25/08/2025 14:05:53",0.39
"25/08/2025 14:05:55",0.36
"25/08/2025 14:05:56",0.33
"25/08/2025 14:05:58",0.28
"25/08/2025 14:05:59",0.27
"25/08/2025 14:06:01",0.28
"25/08/2025 14:06:02",0.40
"25/08/2025 14:06:04",0.28
"25/08/2025 14:06:05",0.27
"25/08/2025 14:06:07",0.25
"25/08/2025 14:06:09",0.29
"25/08/2025 14:06:10",0.30
"25/08/2025 14:06:12",0.42
"25/08/2025 14:06:13",0.35
"25/08/2025 14:06:15",0.43
"25/08/2025 14:06:16",0.36
"25/08/2025 14:06:18",0.40
"25/08/2025 14:06:20",0.35
"25/08/2025 14:06:21",0.35
"25/08/2025 14:06:23",0.37
"25/08/2025 14:06:24",0.34
"25/08/2025 14:06:26",0.41
"25/08/2025 14:06:27",0.38
"25/08/2025 14:06:29",0.41
"25/08/2025 14:06:31",0.34
"25/08/2025 14:06:32",0.38
"25/08/2025 14:06:34",0.32
"25/08/2025 14:06:35",0.40
"25/08/2025 14:06:37",0.34
"25/08/2025 14:06:38",0.36
"25/08/2025 14:06:40",0.33
"25/08/2025 14:06:42",0.25
"25/08/2025 14:06:44",0.24
"25/08/2025 14:06:45",0.30
"25/08/2025 14:06:47",0.21
"25/08/2025 14:06:49",0.33
"25/08/2025 14:06:51",0.33
"25/08/2025 14:06:53",0.31
"25/08/2025 14:06:55",0.31
"25/08/2025 14:06:57",0.34
"25/08/2025 14:06:59",0.35
"25/08/2025 14:07:01",0.35
"25/08/2025 14:07:03",0.29
"25/08/2025 14:07:05",0.33
"25/08/2025 14:07:07",0.32
"25/08/2025 14:07:09",0.38
"25/08/2025 14:07:12",0.32
"25/08/2025 14:07:14",0.43
"25/08/2025 14:07:16",0.34
"25/08/2025 14:07:18",0.33
"25/08/2025 14:07:20",0.27
"25/08/2025 14:07:22",0.22
"25/08/2025 14:07:23",0.32
"25/08/2025 14:07:25",0.24
"25/08/2025 14:07:27",0.34
"25/08/2025 14:07:29",0.28
"25/08/2025 14:07:31",0.29
"25/08/2025 14:07:33",0.35
"25/08/2025 14:07:35",0.34
"25/08/2025 14:07:37",0.29
"25/08/2025 14:07:39",0.29
"25/08/2025 14:07:41",0.30
"25/08/2025 14:07:43",0.34
"25/08/2025 14:07:45",0.38
"25/08/2025 14:07:47",0.31
"25/08/2025 14:07:49",0.35
"25/08/2025 14:07:51",0.33
"25/08/2025 14:07:53",0.36
"25/08/2025 14:07:55",0.43
"25/08/2025 14:07:57",0.33
"25/08/2025 14:07:59",0.37
"25/08/2025 14:08:01",0.27
"25/08/2025 14:08:03",0.37
"25/08/2025 14:08:05",0.44
"25/08/2025 14:08:07",0.25
"25/08/2025 14:08:09",0.21
"25/08/2025 14:08:11",0.37
"25/08/2025 14:08:13",0.33
"25/08/2025 14:08:15",0.29
"25/08/2025 14:08:17",0.36
"25/08/2025 14:08:19",0.37
"25/08/2025 14:08:21",0.40
"25/08/2025 14:08:23",0.21
"25/08/2025 14:08:25",0.36
"25/08/2025 14:08:27",0.20
"25/08/2025 14:08:29",0.30
"25/08/2025 14:08:31",0.43
"25/08/2025 14:08:33",0.29
"25/08/2025 14:08:34",0.39
"25/08/2025 14:08:36",0.30
"25/08/2025 14:08:38",0.32
"25/08/2025 14:08:39",0.32
"25/08/2025 14:08:41",0.39
"25/08/2025 14:08:43",0.33
"25/08/2025 14:08:44",0.31
"25/08/2025 14:08:46",0.32
"25/08/2025 14:08:47",0.25
"25/08/2025 14:08:49",0.32
"25/08/2025 14:08:50",0.35
"25/08/2025 14:08:52",0.30
"25/08/2025 14:08:54",0.30
"25/08/2025 14:08:55",14.08
"25/08/2025 14:08:57",40.75
"25/08/2025 14:08:59",36.43
"25/08/2025 14:09:00",41.84
"25/08/2025 14:09:02",41.88
"25/08/2025 14:09:03",40.66
"25/08/2025 14:09:05",41.17
"25/08/2025 14:09:06",40.26
"25/08/2025 14:09:08",40.47
"25/08/2025 14:09:09",40.77
"25/08/2025 14:09:11",40.88
"25/08/2025 14:09:12",40.65
"25/08/2025 14:09:14",40.65
"25/08/2025 14:09:16",40.76
"25/08/2025 14:09:17",40.82
"25/08/2025 14:09:19",40.60
"25/08/2025 14:09:20",40.45
"25/08/2025 14:09:22",40.60
"25/08/2025 14:09:23",40.22
"25/08/2025 14:09:25",40.17
"25/08/2025 14:09:27",40.74
"25/08/2025 14:09:28",40.63
"25/08/2025 14:09:30",40.33
"25/08/2025 14:09:31",40.94
"25/08/2025 14:09:33",40.60
"25/08/2025 14:09:34",40.78
"25/08/2025 14:09:36",40.51
"25/08/2025 14:09:37",40.56
"25/08/2025 14:09:39",40.52
"25/08/2025 14:09:41",40.48
"25/08/2025 14:09:42",40.46
"25/08/2025 14:09:44",40.67
"25/08/2025 14:09:45",40.54
"25/08/2025 14:09:47",40.77
"25/08/2025 14:09:48",40.39
"25/08/2025 14:09:50",40.52
"25/08/2025 14:09:52",40.74
"25/08/2025 14:09:53",40.68
"25/08/2025 14:09:55",40.31
"25/08/2025 14:09:57",41.14
"25/08/2025 14:09:58",40.70
"25/08/2025 14:10:00",40.86
"25/08/2025 14:10:01",40.66
"25/08/2025 14:10:03",40.42
"25/08/2025 14:10:04",40.64
"25/08/2025 14:10:06",40.68
"25/08/2025 14:10:08",41.28
"25/08/2025 14:10:09",57.07
"25/08/2025 14:10:11",89.98
"25/08/2025 14:10:13",89.80
"25/08/2025 14:10:14",89.94
"25/08/2025 14:10:16",90.41
"25/08/2025 14:10:17",89.84
"25/08/2025 14:10:19",89.44
"25/08/2025 14:10:20",90.20
"25/08/2025 14:10:22",90.06
"25/08/2025 14:10:23",90.02
"25/08/2025 14:10:25",89.71
"25/08/2025 14:10:27",90.05
"25/08/2025 14:10:28",89.86
"25/08/2025 14:10:30",89.70
"25/08/2025 14:10:31",89.36
"25/08/2025 14:10:33",89.65
"25/08/2025 14:10:35",89.62
"25/08/2025 14:10:36",89.72
"25/08/2025 14:10:38",89.42
"25/08/2025 14:10:39",89.73
"25/08/2025 14:10:41",59.17
"25/08/2025 14:10:42",40.13
"25/08/2025 14:10:44",40.16
"25/08/2025 14:10:46",40.58
"25/08/2025 14:10:47",40.43
"25/08/2025 14:10:49",40.85
"25/08/2025 14:10:50",48.69
"25/08/2025 14:10:52",85.89
"25/08/2025 14:10:53",89.98
"25/08/2025 14:10:55",89.78
"25/08/2025 14:10:57",89.63
"25/08/2025 14:10:58",89.70
"25/08/2025 14:11:00",89.60
"25/08/2025 14:11:01",89.27
"25/08/2025 14:11:03",89.69
"25/08/2025 14:11:05",89.67
"25/08/2025 14:11:06",89.55
"25/08/2025 14:11:08",89.43
"25/08/2025 14:11:09",89.17
"25/08/2025 14:11:11",89.59
"25/08/2025 14:11:13",89.42
"25/08/2025 14:11:14",90.46
"25/08/2025 14:11:16",81.62
"25/08/2025 14:11:17",48.39
"25/08/2025 14:11:19",40.74
"25/08/2025 14:11:21",40.36
"25/08/2025 14:11:22",40.27
"25/08/2025 14:11:24",40.36
"25/08/2025 14:11:26",40.24
"25/08/2025 14:11:27",40.28
"25/08/2025 14:11:29",40.20
"25/08/2025 14:11:30",40.40
"25/08/2025 14:11:32",40.42
"25/08/2025 14:11:33",40.31
"25/08/2025 14:11:35",40.23
"25/08/2025 14:11:36",39.89
"25/08/2025 14:11:38",40.17
"25/08/2025 14:11:40",40.55
"25/08/2025 14:11:41",40.24
"25/08/2025 14:11:43",40.54
"25/08/2025 14:11:44",40.40
"25/08/2025 14:11:46",40.87
"25/08/2025 14:11:48",40.47
"25/08/2025 14:11:49",40.66
"25/08/2025 14:11:51",40.52
"25/08/2025 14:11:52",40.41
"25/08/2025 14:11:54",40.52
"25/08/2025 14:11:58",40.98
"25/08/2025 14:11:59",40.77
"25/08/2025 14:12:01",41.04
"25/08/2025 14:12:03",40.97
"25/08/2025 14:12:04",41.12
"25/08/2025 14:12:06",40.61
"25/08/2025 14:12:07",40.41
"25/08/2025 14:12:09",40.79
"25/08/2025 14:12:11",40.98
"25/08/2025 14:12:12",40.59
"25/08/2025 14:12:14",40.60
"25/08/2025 14:12:16",40.63
"25/08/2025 14:12:17",40.08
"25/08/2025 14:12:20",39.88
"25/08/2025 14:12:22",40.31
"25/08/2025 14:12:26",40.17
"25/08/2025 14:12:27",41.20
"25/08/2025 14:12:29",41.08
"25/08/2025 14:12:31",40.77
"25/08/2025 14:12:34",40.29
"25/08/2025 14:12:35",40.66
"25/08/2025 14:12:37",40.32
"25/08/2025 14:12:39",40.35
"25/08/2025 14:12:40",40.44
"25/08/2025 14:12:42",40.67
"25/08/2025 14:12:44",40.43
"25/08/2025 14:12:45",40.77
"25/08/2025 14:12:47",40.57
"25/08/2025 14:12:48",40.22
"25/08/2025 14:12:50",40.22
"25/08/2025 14:12:51",40.44
"25/08/2025 14:12:53",40.07
"25/08/2025 14:12:55",40.35
"25/08/2025 14:12:56",40.79
"25/08/2025 14:12:58",40.57
"25/08/2025 14:13:00",40.53
"25/08/2025 14:13:02",40.69
"25/08/2025 14:13:05",40.76
"25/08/2025 14:13:07",40.71
"25/08/2025 14:13:08",40.72
"25/08/2025 14:13:10",40.52
"25/08/2025 14:13:12",40.82
"25/08/2025 14:13:14",40.54
"25/08/2025 14:13:16",40.38
"25/08/2025 14:13:18",40.82
"25/08/2025 14:13:20",40.87
"25/08/2025 14:13:22",40.63
"25/08/2025 14:13:24",40.66
"25/08/2025 14:13:26",40.68
"25/08/2025 14:13:28",40.62
"25/08/2025 14:13:30",40.68
"25/08/2025 14:13:32",40.48
"25/08/2025 14:13:36",40.48
"25/08/2025 14:13:38",40.59
"25/08/2025 14:13:40",40.67
"25/08/2025 14:13:42",40.55
"25/08/2025 14:13:44",40.33
"25/08/2025 14:13:47",40.54
"25/08/2025 14:13:49",40.24
"25/08/2025 14:13:50",40.86
"25/08/2025 14:13:52",40.56
"25/08/2025 14:13:54",40.62
"25/08/2025 14:13:56",40.52
"25/08/2025 14:13:58",40.69
"25/08/2025 14:14:01",40.47
"25/08/2025 14:14:02",40.41
"25/08/2025 14:14:04",40.48
"25/08/2025 14:14:06",40.39
"25/08/2025 14:14:08",40.35
"25/08/2025 14:14:10",40.62
"25/08/2025 14:14:12",40.54
"25/08/2025 14:14:14",40.42
"25/08/2025 14:14:16",40.55
"25/08/2025 14:14:18",40.65
"25/08/2025 14:14:19",40.93
"25/08/2025 14:14:21",40.48
"25/08/2025 14:14:23",40.69
"25/08/2025 14:14:25",40.36
"25/08/2025 14:14:28",40.46
"25/08/2025 14:14:29",40.69
"25/08/2025 14:14:31",40.71
"25/08/2025 14:14:33",40.46
"25/08/2025 14:14:35",40.28
"25/08/2025 14:14:37",40.67
"25/08/2025 14:14:39",40.93
"25/08/2025 14:14:41",40.47
"25/08/2025 14:14:43",40.59
"25/08/2025 14:14:45",40.83
"25/08/2025 14:14:48",40.45
"25/08/2025 14:14:49",40.73
"25/08/2025 14:14:52",40.56
"25/08/2025 14:14:54",40.77
"25/08/2025 14:14:56",40.50
"25/08/2025 14:14:58",40.40
"25/08/2025 14:15:00",40.48
"25/08/2025 14:15:01",40.40
"25/08/2025 14:15:03",40.39
"25/08/2025 14:15:05",40.65
"25/08/2025 14:15:07",40.68
"25/08/2025 14:15:09",40.64
"25/08/2025 14:15:12",40.48
"25/08/2025 14:15:13",40.48
"25/08/2025 14:15:15",40.74
"25/08/2025 14:15:17",40.70
"25/08/2025 14:15:19",40.58
"25/08/2025 14:15:21",40.44
"25/08/2025 14:15:23",40.50
"25/08/2025 14:15:25",40.38
"25/08/2025 14:15:27",40.51
"25/08/2025 14:15:29",40.72
"25/08/2025 14:15:32",40.57
"25/08/2025 14:15:34",40.37
"25/08/2025 14:15:36",40.39
"25/08/2025 14:15:38",40.58
"25/08/2025 14:15:40",40.36
"25/08/2025 14:15:41",40.45
"25/08/2025 14:15:43",40.42
"25/08/2025 14:15:45",40.41
"25/08/2025 14:15:48",40.52
"25/08/2025 14:15:49",40.72
"25/08/2025 14:15:51",40.42
"25/08/2025 14:15:53",40.47
"25/08/2025 14:15:55",40.49
"25/08/2025 14:15:57",40.48
"25/08/2025 14:15:59",40.55
"25/08/2025 14:16:01",40.85
"25/08/2025 14:16:03",41.11
"25/08/2025 14:16:04",40.57
"25/08/2025 14:16:06",40.43
"25/08/2025 14:16:08",40.71
"25/08/2025 14:16:10",40.38
"25/08/2025 14:16:12",40.47
"25/08/2025 14:16:14",40.33
"25/08/2025 14:16:16",40.42
"25/08/2025 14:16:18",40.44
"25/08/2025 14:16:20",40.56
"25/08/2025 14:16:22",40.60
"25/08/2025 14:16:24",40.33
"25/08/2025 14:16:26",40.41
"25/08/2025 14:16:27",40.44
"25/08/2025 14:16:29",40.60
"25/08/2025 14:16:32",40.53
"25/08/2025 14:16:33",40.31
"25/08/2025 14:16:35",40.30
"25/08/2025 14:16:37",40.62
"25/08/2025 14:16:39",40.48
"25/08/2025 14:16:41",40.55
"25/08/2025 14:16:43",40.81
"25/08/2025 14:16:45",40.54
"25/08/2025 14:16:47",40.59
"25/08/2025 14:16:49",40.70
"25/08/2025 14:16:51",40.69
"25/08/2025 14:16:53",40.24
"25/08/2025 14:16:54",40.47
"25/08/2025 14:16:56",40.15
"25/08/2025 14:16:58",40.71
"25/08/2025 14:16:59",40.39
"25/08/2025 14:17:01",40.62
"25/08/2025 14:17:03",40.50
"25/08/2025 14:17:05",40.53
"25/08/2025 14:17:07",40.50
"25/08/2025 14:17:08",40.46
"25/08/2025 14:17:11",40.46
"25/08/2025 14:17:12",40.31
"25/08/2025 14:17:14",40.43
"25/08/2025 14:17:16",40.60
"25/08/2025 14:17:18",40.60
"25/08/2025 14:17:20",40.77
"25/08/2025 14:17:22",40.67
"25/08/2025 14:17:23",40.74
"25/08/2025 14:17:25",40.41
"25/08/2025 14:17:27",40.56
"25/08/2025 14:17:28",40.87
"25/08/2025 14:17:30",40.95
"25/08/2025 14:17:32",40.47
"25/08/2025 14:17:34",40.40
"25/08/2025 14:17:36",40.60
"25/08/2025 14:17:38",40.62
"25/08/2025 14:17:40",40.39
"25/08/2025 14:17:41",40.35
"25/08/2025 14:17:43",40.51
"25/08/2025 14:17:45",40.47
"25/08/2025 14:17:47",40.58
"25/08/2025 14:17:49",40.32
"25/08/2025 14:17:51",40.48
"25/08/2025 14:17:53",40.39
"25/08/2025 14:17:55",40.76
"25/08/2025 14:17:56",40.41
"25/08/2025 14:17:58",40.66
"25/08/2025 14:18:00",40.48
"25/08/2025 14:18:02",40.44
"25/08/2025 14:18:04",40.74
"25/08/2025 14:18:06",40.43
"25/08/2025 14:18:08",40.65
"25/08/2025 14:18:10",40.45
"25/08/2025 14:18:11",40.46
"25/08/2025 14:18:13",40.46
"25/08/2025 14:18:15",40.52
"25/08/2025 14:18:17",40.70
"25/08/2025 14:18:19",40.98
"25/08/2025 14:18:21",40.43
"25/08/2025 14:18:22",40.60
"25/08/2025 14:18:24",40.43
"25/08/2025 14:18:26",40.53
"25/08/2025 14:18:28",40.53
"25/08/2025 14:18:29",40.57
"25/08/2025 14:18:31",40.99
"25/08/2025 14:18:33",40.88
"25/08/2025 14:18:35",40.46
"25/08/2025 14:18:36",40.91
"25/08/2025 14:18:38",40.94
"25/08/2025 14:18:39",40.32
"25/08/2025 14:18:41",40.64
"25/08/2025 14:18:43",40.67
"25/08/2025 14:18:45",40.53
"25/08/2025 14:18:47",40.61
"25/08/2025 14:18:48",40.58
"25/08/2025 14:18:50",40.83
"25/08/2025 14:18:52",40.60
"25/08/2025 14:18:53",40.85
"25/08/2025 14:18:55",40.48
"25/08/2025 14:18:56",40.52
"25/08/2025 14:18:58",40.61
"25/08/2025 14:18:59",40.64
"25/08/2025 14:19:01",40.69
"25/08/2025 14:19:02",40.68
"25/08/2025 14:19:04",40.38
"25/08/2025 14:19:06",40.53
"25/08/2025 14:19:08",40.01
"25/08/2025 14:19:10",40.59
"25/08/2025 14:19:11",40.27
"25/08/2025 14:19:13",40.89
"25/08/2025 14:19:15",40.08
"25/08/2025 14:19:17",40.51
"25/08/2025 14:19:19",40.48
"25/08/2025 14:19:20",40.41
"25/08/2025 14:19:22",40.84
"25/08/2025 14:19:24",40.72
"25/08/2025 14:19:26",40.65
"25/08/2025 14:19:28",40.77
"25/08/2025 14:19:30",40.94
"25/08/2025 14:19:32",40.00
"25/08/2025 14:19:34",48.48
"25/08/2025 14:19:36",89.90
"25/08/2025 14:19:38",89.71
"25/08/2025 14:19:40",89.66
"25/08/2025 14:19:42",89.76
"25/08/2025 14:19:44",89.67
"25/08/2025 14:19:46",89.77
"25/08/2025 14:19:48",89.75
"25/08/2025 14:19:49",89.38
"25/08/2025 14:19:51",89.76
"25/08/2025 14:19:53",89.40
"25/08/2025 14:19:55",89.86
"25/08/2025 14:19:57",89.46
"25/08/2025 14:19:59",89.47
"25/08/2025 14:20:01",89.41
"25/08/2025 14:20:03",89.71
"25/08/2025 14:20:05",89.07
"25/08/2025 14:20:07",48.94
"25/08/2025 14:20:08",40.24
"25/08/2025 14:20:10",40.62
"25/08/2025 14:20:12",40.56
"25/08/2025 14:20:14",40.12
"25/08/2025 14:20:16",40.60
"25/08/2025 14:20:18",40.43
"25/08/2025 14:20:19",40.62
"25/08/2025 14:20:21",40.59
"25/08/2025 14:20:23",40.30
"25/08/2025 14:20:25",40.36
"25/08/2025 14:20:27",40.18
"25/08/2025 14:20:29",40.24
"25/08/2025 14:20:30",40.40
"25/08/2025 14:20:32",40.27
"25/08/2025 14:20:34",40.43
"25/08/2025 14:20:36",40.59
"25/08/2025 14:20:38",40.36
"25/08/2025 14:20:40",40.42
"25/08/2025 14:20:42",40.41
"25/08/2025 14:20:44",40.42
"25/08/2025 14:20:46",40.70
"25/08/2025 14:20:48",40.64
"25/08/2025 14:20:49",40.57
"25/08/2025 14:20:52",40.48
"25/08/2025 14:20:53",40.90
"25/08/2025 14:20:55",40.84
"25/08/2025 14:20:57",40.77
"25/08/2025 14:20:59",40.63
"25/08/2025 14:21:01",40.41
"25/08/2025 14:21:03",40.67
"25/08/2025 14:21:05",40.22
"25/08/2025 14:21:07",40.41
"25/08/2025 14:21:08",40.60
"25/08/2025 14:21:11",40.54
"25/08/2025 14:21:12",40.35
"25/08/2025 14:21:14",40.21
"25/08/2025 14:21:16",40.41
"25/08/2025 14:21:18",40.57
"25/08/2025 14:21:20",40.75
"25/08/2025 14:21:22",40.62
"25/08/2025 14:21:24",40.55
"25/08/2025 14:21:26",40.80
"25/08/2025 14:21:27",40.30
"25/08/2025 14:21:29",47.19
"25/08/2025 14:21:31",89.74
"25/08/2025 14:21:33",89.92
"25/08/2025 14:21:35",89.94
"25/08/2025 14:21:37",89.84
"25/08/2025 14:21:39",89.28
"25/08/2025 14:21:41",89.14
"25/08/2025 14:21:43",89.65
"25/08/2025 14:21:45",89.60
"25/08/2025 14:21:46",89.66
"25/08/2025 14:21:48",89.54
"25/08/2025 14:21:50",89.30
"25/08/2025 14:21:52",89.48
"25/08/2025 14:21:54",89.44
"25/08/2025 14:21:56",90.29
"25/08/2025 14:21:57",76.26
"25/08/2025 14:21:59",41.16
"25/08/2025 14:22:01",40.64
"25/08/2025 14:22:02",40.43
"25/08/2025 14:22:04",40.54
"25/08/2025 14:22:06",40.72
"25/08/2025 14:22:07",41.44
"25/08/2025 14:22:09",47.82
"25/08/2025 14:22:10",88.87
"25/08/2025 14:22:12",89.42
"25/08/2025 14:22:14",89.46
"25/08/2025 14:22:15",89.10
"25/08/2025 14:22:17",89.27
"25/08/2025 14:22:19",89.23
"25/08/2025 14:22:20",90.01
"25/08/2025 14:22:22",89.62
"25/08/2025 14:22:24",89.14
"25/08/2025 14:22:25",89.26
"25/08/2025 14:22:27",89.36
"25/08/2025 14:22:29",89.49
"25/08/2025 14:22:30",89.69
"25/08/2025 14:22:32",89.28
"25/08/2025 14:22:33",89.55
"25/08/2025 14:22:35",89.30
"25/08/2025 14:22:37",89.67
"25/08/2025 14:22:38",90.30
"25/08/2025 14:22:40",83.19
"25/08/2025 14:22:42",45.13
"25/08/2025 14:22:43",41.06
"25/08/2025 14:22:45",40.69
"25/08/2025 14:22:47",40.55
"25/08/2025 14:22:48",40.59
"25/08/2025 14:22:50",40.22
"25/08/2025 14:22:51",41.01
"25/08/2025 14:22:53",40.14
"25/08/2025 14:22:55",41.17
"25/08/2025 14:22:56",61.09
"25/08/2025 14:22:58",89.64
"25/08/2025 14:23:00",89.54
"25/08/2025 14:23:01",89.32
"25/08/2025 14:23:03",89.55
"25/08/2025 14:23:04",89.06
"25/08/2025 14:23:06",88.98
"25/08/2025 14:23:07",89.28
"25/08/2025 14:23:09",89.16
"25/08/2025 14:23:11",89.25
"25/08/2025 14:23:12",89.26
"25/08/2025 14:23:14",89.46
"25/08/2025 14:23:16",89.59
"25/08/2025 14:23:17",89.27
"25/08/2025 14:23:19",89.37
"25/08/2025 14:23:21",89.15
"25/08/2025 14:23:22",89.36
"25/08/2025 14:23:24",88.94
"25/08/2025 14:23:25",90.36
"25/08/2025 14:23:27",79.61
"25/08/2025 14:23:29",41.50
"25/08/2025 14:23:30",40.11
"25/08/2025 14:23:32",40.10
"25/08/2025 14:23:34",39.94
"25/08/2025 14:23:35",40.61
"25/08/2025 14:23:37",40.30
"25/08/2025 14:23:39",40.00
"25/08/2025 14:23:40",40.10
"25/08/2025 14:23:42",40.16
"25/08/2025 14:23:44",40.44
"25/08/2025 14:23:46",40.73
"25/08/2025 14:23:47",40.62
"25/08/2025 14:23:49",40.40
"25/08/2025 14:23:51",40.10
"25/08/2025 14:23:53",40.49
"25/08/2025 14:23:55",40.15
"25/08/2025 14:23:57",40.33
"25/08/2025 14:23:58",40.40
"25/08/2025 14:24:01",40.74
"25/08/2025 14:24:03",40.47
"25/08/2025 14:24:04",40.68
"25/08/2025 14:24:06",40.23
"25/08/2025 14:24:08",40.61
"25/08/2025 14:24:11",40.45
"25/08/2025 14:24:13",40.34
"25/08/2025 14:24:14",40.38
"25/08/2025 14:24:16",40.70
"25/08/2025 14:24:18",40.42
"25/08/2025 14:24:20",40.41
"25/08/2025 14:24:22",40.52
"25/08/2025 14:24:24",40.33
"25/08/2025 14:24:26",40.21
"25/08/2025 14:24:28",40.25
"25/08/2025 14:24:30",40.51
"25/08/2025 14:24:32",40.79
"25/08/2025 14:24:34",40.43
"25/08/2025 14:24:36",40.55
"25/08/2025 14:24:38",40.57
"25/08/2025 14:24:40",40.78
"25/08/2025 14:24:42",40.72
"25/08/2025 14:24:44",40.73
"25/08/2025 14:24:46",40.29
"25/08/2025 14:24:48",40.55
"25/08/2025 14:24:50",40.26
"25/08/2025 14:24:52",40.71
"25/08/2025 14:24:54",40.78
"25/08/2025 14:24:56",40.21
"25/08/2025 14:24:59",40.26
"25/08/2025 14:25:00",40.34
"25/08/2025 14:25:02",40.57
"25/08/2025 14:25:04",40.17
"25/08/2025 14:25:06",40.52
"25/08/2025 14:25:08",40.66
"25/08/2025 14:25:10",40.43
"25/08/2025 14:25:12",40.49
"25/08/2025 14:25:14",40.43
"25/08/2025 14:25:16",40.46
"25/08/2025 14:25:18",40.87
"25/08/2025 14:25:19",40.49
"25/08/2025 14:25:21",40.46
"25/08/2025 14:25:23",40.62
"25/08/2025 14:25:25",40.63
"25/08/2025 14:25:27",40.48
"25/08/2025 14:25:30",40.62
"25/08/2025 14:25:32",40.40
"25/08/2025 14:25:33",40.72
"25/08/2025 14:25:35",40.41
"25/08/2025 14:25:37",40.50
"25/08/2025 14:25:39",40.42
"25/08/2025 14:25:41",40.49
"25/08/2025 14:25:43",40.37
"25/08/2025 14:25:45",40.49
"25/08/2025 14:25:47",40.65
"25/08/2025 14:25:50",40.41
"25/08/2025 14:25:52",40.39
"25/08/2025 14:25:53",40.46
"25/08/2025 14:25:55",40.38
"25/08/2025 14:25:57",40.54
"25/08/2025 14:25:59",40.63
"25/08/2025 14:26:01",40.73
"25/08/2025 14:26:03",40.28
"25/08/2025 14:26:04",40.37
"25/08/2025 14:26:06",40.49
"25/08/2025 14:26:08",40.52
"25/08/2025 14:26:10",40.92
"25/08/2025 14:26:12",40.50
"25/08/2025 14:26:14",40.50
"25/08/2025 14:26:16",40.81
"25/08/2025 14:26:18",40.68
"25/08/2025 14:26:20",40.82
"25/08/2025 14:26:22",40.69
"25/08/2025 14:26:24",40.74
"25/08/2025 14:26:26",40.42
"25/08/2025 14:26:28",40.47
"25/08/2025 14:26:30",40.22
"25/08/2025 14:26:32",40.33
"25/08/2025 14:26:34",40.57
"25/08/2025 14:26:36",40.56
"25/08/2025 14:26:38",40.44
"25/08/2025 14:26:40",40.61
"25/08/2025 14:26:42",40.51
"25/08/2025 14:26:44",40.68
"25/08/2025 14:26:45",40.24
"25/08/2025 14:26:47",40.69
"25/08/2025 14:26:49",40.60
"25/08/2025 14:26:51",40.51
"25/08/2025 14:26:53",40.23
"25/08/2025 14:26:54",40.77
"25/08/2025 14:26:56",40.27
"25/08/2025 14:26:58",40.52
"25/08/2025 14:27:00",40.45
"25/08/2025 14:27:02",40.59
"25/08/2025 14:27:03",40.45
"25/08/2025 14:27:05",40.58
"25/08/2025 14:27:07",40.28
"25/08/2025 14:27:09",40.42
"25/08/2025 14:27:11",40.37
"25/08/2025 14:27:12",40.26
"25/08/2025 14:27:14",40.24
"25/08/2025 14:27:16",40.35
"25/08/2025 14:27:18",40.40
"25/08/2025 14:27:20",40.44
"25/08/2025 14:27:22",40.65
"25/08/2025 14:27:24",40.78
"25/08/2025 14:27:26",40.43
"25/08/2025 14:27:28",40.47
"25/08/2025 14:27:30",40.72
"25/08/2025 14:27:32",41.03
"25/08/2025 14:27:33",40.52
"25/08/2025 14:27:35",40.26
"25/08/2025 14:27:37",40.91
"25/08/2025 14:27:39",40.29
"25/08/2025 14:27:41",40.76
"25/08/2025 14:27:43",40.34
"25/08/2025 14:27:44",40.50
"25/08/2025 14:27:46",40.43
"25/08/2025 14:27:48",40.66
"25/08/2025 14:27:50",41.05
"25/08/2025 14:27:51",40.57
"25/08/2025 14:27:53",40.50
"25/08/2025 14:27:55",40.68
"25/08/2025 14:27:57",40.39
"25/08/2025 14:27:59",40.50
"25/08/2025 14:28:00",40.36
"25/08/2025 14:28:02",40.54
"25/08/2025 14:28:04",40.22
"25/08/2025 14:28:06",40.45
"25/08/2025 14:28:08",40.22
"25/08/2025 14:28:09",40.45
"25/08/2025 14:28:11",40.33
"25/08/2025 14:28:13",40.63
"25/08/2025 14:28:15",40.84
"25/08/2025 14:28:17",40.40
"25/08/2025 14:28:19",40.43
"25/08/2025 14:28:20",40.70
"25/08/2025 14:28:22",40.59
"25/08/2025 14:28:24",40.65
"25/08/2025 14:28:26",40.45
"25/08/2025 14:28:28",40.21
"25/08/2025 14:28:30",40.42
"25/08/2025 14:28:31",40.39
"25/08/2025 14:28:33",40.63
"25/08/2025 14:28:35",40.63
"25/08/2025 14:28:37",40.26
"25/08/2025 14:28:38",40.42
"25/08/2025 14:28:40",40.38
"25/08/2025 14:28:42",40.63
"25/08/2025 14:28:44",40.46
"25/08/2025 14:28:45",40.75
"25/08/2025 14:28:47",40.45
"25/08/2025 14:28:49",40.40
"25/08/2025 14:28:51",40.73
"25/08/2025 14:28:52",40.63
"25/08/2025 14:28:54",40.63
"25/08/2025 14:28:55",40.71
"25/08/2025 14:28:57",40.51
"25/08/2025 14:28:59",40.71
"25/08/2025 14:29:01",40.59
"25/08/2025 14:29:03",40.44
"25/08/2025 14:29:05",40.66
"25/08/2025 14:29:06",40.53
"25/08/2025 14:29:08",40.58
"25/08/2025 14:29:10",40.36
"25/08/2025 14:29:12",40.28
"25/08/2025 14:29:13",40.49
"25/08/2025 14:29:15",40.72
"25/08/2025 14:29:17",40.63
"25/08/2025 14:29:19",40.72
"25/08/2025 14:29:21",40.59
"25/08/2025 14:29:22",40.51
"25/08/2025 14:29:24",40.28
"25/08/2025 14:29:26",40.71
"25/08/2025 14:29:28",40.18
"25/08/2025 14:29:29",40.88
"25/08/2025 14:29:31",40.29
"25/08/2025 14:29:33",40.46
"25/08/2025 14:29:35",40.84
"25/08/2025 14:29:37",40.49
"25/08/2025 14:29:39",40.57
"25/08/2025 14:29:41",40.47
"25/08/2025 14:29:43",40.81
"25/08/2025 14:29:45",40.33
"25/08/2025 14:29:47",40.40
"25/08/2025 14:29:49",40.84
"25/08/2025 14:29:51",40.45
"25/08/2025 14:29:53",40.44
"25/08/2025 14:29:55",40.60
"25/08/2025 14:29:57",40.28
"25/08/2025 14:29:58",40.59
"25/08/2025 14:30:00",40.66
"25/08/2025 14:30:02",40.65
"25/08/2025 14:30:04",40.54
"25/08/2025 14:30:06",40.63
"25/08/2025 14:30:08",40.63
"25/08/2025 14:30:09",40.78
"25/08/2025 14:30:11",40.19
"25/08/2025 14:30:13",40.55
"25/08/2025 14:30:16",40.58
"25/08/2025 14:30:17",40.39
"25/08/2025 14:30:20",40.43
"25/08/2025 14:30:22",40.99
"25/08/2025 14:30:24",40.39
"25/08/2025 14:30:26",40.50
"25/08/2025 14:30:28",40.89
"25/08/2025 14:30:30",40.67
"25/08/2025 14:30:32",40.52
"25/08/2025 14:30:34",40.39
"25/08/2025 14:30:36",41.01
"25/08/2025 14:30:38",40.65
"25/08/2025 14:30:40",40.83
"25/08/2025 14:30:42",40.50
"25/08/2025 14:30:44",40.58
"25/08/2025 14:30:46",40.72
"25/08/2025 14:30:48",40.58
"25/08/2025 14:30:50",40.55
"25/08/2025 14:30:52",40.47
"25/08/2025 14:30:54",40.48
"25/08/2025 14:30:56",40.67
"25/08/2025 14:30:58",40.34
"25/08/2025 14:31:00",40.52
"25/08/2025 14:31:02",40.72
"25/08/2025 14:31:03",40.59
"25/08/2025 14:31:06",40.44
"25/08/2025 14:31:07",40.74
"25/08/2025 14:31:09",41.20
"25/08/2025 14:31:11",40.91
"25/08/2025 14:31:13",40.76
"25/08/2025 14:31:15",40.65
"25/08/2025 14:31:16",40.50
"25/08/2025 14:31:18",40.30
"25/08/2025 14:31:20",40.70
"25/08/2025 14:31:22",40.66
"25/08/2025 14:31:24",40.66
"25/08/2025 14:31:26",40.59
"25/08/2025 14:31:28",40.50
"25/08/2025 14:31:30",40.49
"25/08/2025 14:31:32",40.66
"25/08/2025 14:31:34",40.57
"25/08/2025 14:31:35",40.50
"25/08/2025 14:31:37",40.35
"25/08/2025 14:31:39",40.74
"25/08/2025 14:31:41",40.52
"25/08/2025 14:31:43",40.68
"25/08/2025 14:31:45",40.54
"25/08/2025 14:31:47",40.44
"25/08/2025 14:31:49",40.51
"25/08/2025 14:31:51",40.59
"25/08/2025 14:31:52",40.26
"25/08/2025 14:31:54",40.70
"25/08/2025 14:31:56",40.38
"25/08/2025 14:31:58",40.33
"25/08/2025 14:32:00",40.67
"25/08/2025 14:32:02",40.67
"25/08/2025 14:32:04",40.65
"25/08/2025 14:32:06",40.69
"25/08/2025 14:32:08",40.48
"25/08/2025 14:32:10",40.62
"25/08/2025 14:32:12",40.45
"25/08/2025 14:32:14",40.55
"25/08/2025 14:32:16",40.39
"25/08/2025 14:32:18",40.28
"25/08/2025 14:32:19",40.43
"25/08/2025 14:32:21",40.51
"25/08/2025 14:32:23",40.33
"25/08/2025 14:32:25",40.20
"25/08/2025 14:32:27",40.40
"25/08/2025 14:32:29",40.41
"25/08/2025 14:32:31",40.62
"25/08/2025 14:32:33",40.43
"25/08/2025 14:32:35",40.72
"25/08/2025 14:32:37",40.13
"25/08/2025 14:32:38",40.54
"25/08/2025 14:32:40",40.72
"25/08/2025 14:32:42",40.84
"25/08/2025 14:32:44",40.71
"25/08/2025 14:32:46",40.57
"25/08/2025 14:32:48",40.64
"25/08/2025 14:32:50",40.71
"25/08/2025 14:32:52",40.67
"25/08/2025 14:32:54",40.42
"25/08/2025 14:32:57",40.55
"25/08/2025 14:32:59",40.56
"25/08/2025 14:33:01",40.59
"25/08/2025 14:33:03",40.25
"25/08/2025 14:33:05",40.44
"25/08/2025 14:33:07",40.50
"25/08/2025 14:33:08",40.70
"25/08/2025 14:33:10",40.70
"25/08/2025 14:33:12",40.50
"25/08/2025 14:33:14",40.71
"25/08/2025 14:33:16",40.65
"25/08/2025 14:33:18",40.63
"25/08/2025 14:33:20",40.56
"25/08/2025 14:33:22",40.44
"25/08/2025 14:33:24",40.75
"25/08/2025 14:33:26",40.93
"25/08/2025 14:33:27",40.75
"25/08/2025 14:33:29",40.55
"25/08/2025 14:33:31",40.77
"25/08/2025 14:33:32",40.49
"25/08/2025 14:33:34",40.40
"25/08/2025 14:33:36",40.32
"25/08/2025 14:33:38",40.28
"25/08/2025 14:33:40",40.58
"25/08/2025 14:33:41",40.72
"25/08/2025 14:33:43",40.81
"25/08/2025 14:33:45",40.34
"25/08/2025 14:33:47",40.29
"25/08/2025 14:33:49",40.79
"25/08/2025 14:33:50",40.93
"25/08/2025 14:33:53",40.77
"25/08/2025 14:33:54",40.44
"25/08/2025 14:33:56",40.64
"25/08/2025 14:33:58",40.39
"25/08/2025 14:33:59",40.70
"25/08/2025 14:34:01",40.65
"25/08/2025 14:34:03",40.47
"25/08/2025 14:34:05",40.22
"25/08/2025 14:34:07",40.46
"25/08/2025 14:34:08",40.34
"25/08/2025 14:34:10",40.40
"25/08/2025 14:34:12",40.43
"25/08/2025 14:34:14",40.74
"25/08/2025 14:34:16",40.46
"25/08/2025 14:34:18",40.34
"25/08/2025 14:34:19",40.92
"25/08/2025 14:34:21",40.59
"25/08/2025 14:34:23",40.78
"25/08/2025 14:34:25",40.64
"25/08/2025 14:34:27",40.86
"25/08/2025 14:34:29",40.52
"25/08/2025 14:34:31",40.60
"25/08/2025 14:34:33",40.46
"25/08/2025 14:34:34",40.62
"25/08/2025 14:34:36",40.58
"25/08/2025 14:34:38",40.39
"25/08/2025 14:34:40",40.66
"25/08/2025 14:34:42",40.58
"25/08/2025 14:34:43",40.80
"25/08/2025 14:34:45",40.41
"25/08/2025 14:34:47",40.47
"25/08/2025 14:34:48",40.21
"25/08/2025 14:34:50",40.68
"25/08/2025 14:34:52",40.75
"25/08/2025 14:34:54",40.83
"25/08/2025 14:34:56",40.43
"25/08/2025 14:34:58",40.67
"25/08/2025 14:35:00",40.68
"25/08/2025 14:35:02",40.42
"25/08/2025 14:35:04",40.46
"25/08/2025 14:35:05",40.50
"25/08/2025 14:35:07",40.50
"25/08/2025 14:35:09",40.48
"25/08/2025 14:35:11",40.41
"25/08/2025 14:35:12",40.28
"25/08/2025 14:35:14",40.41
"25/08/2025 14:35:16",40.42
"25/08/2025 14:35:17",40.49
"25/08/2025 14:35:19",40.67
"25/08/2025 14:35:21",40.74
"25/08/2025 14:35:22",40.29
"25/08/2025 14:35:24",40.63
"25/08/2025 14:35:26",40.72
"25/08/2025 14:35:28",40.59
"25/08/2025 14:35:30",40.86
"25/08/2025 14:35:32",40.34
"25/08/2025 14:35:33",40.59
"25/08/2025 14:35:35",40.66
"25/08/2025 14:35:37",40.39
"25/08/2025 14:35:38",40.72
"25/08/2025 14:35:40",40.45
"25/08/2025 14:35:42",40.53
"25/08/2025 14:35:44",40.36
"25/08/2025 14:35:46",40.75
"25/08/2025 14:35:48",40.39
"25/08/2025 14:35:49",40.70
"25/08/2025 14:35:51",40.79
"25/08/2025 14:35:53",40.83
"25/08/2025 14:35:55",40.49
"25/08/2025 14:35:57",40.74
"25/08/2025 14:35:59",40.55
"25/08/2025 14:36:00",40.57
"25/08/2025 14:36:02",40.51
"25/08/2025 14:36:04",40.87
"25/08/2025 14:36:06",40.45
"25/08/2025 14:36:08",40.78
"25/08/2025 14:36:09",40.41
"25/08/2025 14:36:11",40.99
"25/08/2025 14:36:13",40.65
"25/08/2025 14:36:15",40.74
"25/08/2025 14:36:17",40.74
"25/08/2025 14:36:18",40.40
"25/08/2025 14:36:20",40.64
"25/08/2025 14:36:22",40.63
"25/08/2025 14:36:24",40.41
"25/08/2025 14:36:26",40.75
"25/08/2025 14:36:28",40.61
"25/08/2025 14:36:29",40.60
"25/08/2025 14:36:31",40.51
"25/08/2025 14:36:33",40.59
"25/08/2025 14:36:35",40.66
"25/08/2025 14:36:37",40.48
"25/08/2025 14:36:38",40.75
"25/08/2025 14:36:40",40.28
"25/08/2025 14:36:42",40.35
"25/08/2025 14:36:43",40.34
"25/08/2025 14:36:45",40.43
"25/08/2025 14:36:47",40.44
"25/08/2025 14:36:48",40.65
"25/08/2025 14:36:50",40.51
"25/08/2025 14:36:52",40.54
"25/08/2025 14:36:53",40.83
"25/08/2025 14:36:55",40.49
"25/08/2025 14:36:57",40.60
"25/08/2025 14:36:59",40.87
"25/08/2025 14:37:01",40.53
"25/08/2025 14:37:03",40.73
"25/08/2025 14:37:05",40.65
"25/08/2025 14:37:07",40.40
"25/08/2025 14:37:09",40.32
"25/08/2025 14:37:11",40.27
"25/08/2025 14:37:12",40.14
"25/08/2025 14:37:14",40.59
"25/08/2025 14:37:16",40.64
"25/08/2025 14:37:18",40.51
"25/08/2025 14:37:19",40.50
"25/08/2025 14:37:21",40.61
"25/08/2025 14:37:23",40.53
"25/08/2025 14:37:25",40.80
"25/08/2025 14:37:26",40.36
"25/08/2025 14:37:28",40.56
"25/08/2025 14:37:30",40.93
"25/08/2025 14:37:31",40.68
"25/08/2025 14:37:33",40.78
"25/08/2025 14:37:35",40.63
"25/08/2025 14:37:37",40.71
"25/08/2025 14:37:39",40.53
"25/08/2025 14:37:41",40.62
"25/08/2025 14:37:43",40.69
"25/08/2025 14:37:45",40.48
"25/08/2025 14:37:47",40.68
"25/08/2025 14:37:49",40.79
"25/08/2025 14:37:51",40.65
"25/08/2025 14:37:53",40.62
"25/08/2025 14:37:55",40.39
"25/08/2025 14:37:57",40.44
"25/08/2025 14:37:59",40.61
"25/08/2025 14:38:01",40.46
"25/08/2025 14:38:03",40.45
"25/08/2025 14:38:05",40.54
"25/08/2025 14:38:06",40.41
"25/08/2025 14:38:08",40.29
"25/08/2025 14:38:09",40.47
"25/08/2025 14:38:11",41.10
"25/08/2025 14:38:13",40.81
"25/08/2025 14:38:14",40.32
"25/08/2025 14:38:16",40.61
"25/08/2025 14:38:17",11.79
"25/08/2025 14:38:19",5.96
"25/08/2025 14:38:21",0.37
"25/08/2025 14:38:22",0.03
"25/08/2025 14:38:24",0.01
"25/08/2025 14:38:26",-0.00
"25/08/2025 14:38:27",0.03
"25/08/2025 14:38:29",0.01
"25/08/2025 14:38:31",0.00
"25/08/2025 14:38:32",0.02
"25/08/2025 14:38:34",0.01
"25/08/2025 14:38:36",0.01
"25/08/2025 14:38:37",0.01
